pipeline,s2,s3,s4,makespan,makespan_sched,cp_comm,max_load,edge_cut,load_imbalance,connected,valid,max_imem,imem_ok,n_gpus_used,omega,ratio_to_omega,time_s,error,error_code,asgn_hash,tb_hash,unique_hw_sim,tb_fname
2b|3b,2b,3b,,106,106,109.0,29,1023,1.450071,True,True,75,True,1024,36,2.9444,13.547,,E_OK,deb4d2ccc75761b98c332ac3bcd79e76a9ceab39828cc7986ee819a7da97e7a7,721cbcf231a44f6251ed7139888f62bb638a97fd5f7e03f87ac8af9ed618e31e,True,tb_2b_3b_none
2b|3e,2b,3e,,108,108,109.0,29,1023,1.450071,True,True,76,True,1024,36,3.0,33.343,,E_OK,deb4d2ccc75761b98c332ac3bcd79e76a9ceab39828cc7986ee819a7da97e7a7,a6e368bedace15763e677639fcf9e210bd675d2758f23ff177b008031eae7ce6,True,tb_2b_3e_none
2b|3i,2b,3i,,108,108,109.0,29,1023,1.450071,True,True,75,True,1024,36,3.0,96.381,,E_OK,deb4d2ccc75761b98c332ac3bcd79e76a9ceab39828cc7986ee819a7da97e7a7,cd3953bd6d03f0969df5f8fe999023f3fa756299c5e456530407001b13f3d718,True,tb_2b_3i_none
2p|3b,2p,3b,,127,127,104.0,39,1023,1.950095,True,True,79,True,1024,36,3.5278,11.316,,E_OK,e2eae67a2381bb8adf5729f206093f903c8e1d580fc8e5c17575d9840cd36427,e79d8a692611b2320f041d2b781b79a186b6da6a8a5115c481726019845ad543,True,tb_2p_3b_none
2o|3i,2o,3i,,128,128,108.0,29,1023,1.450071,True,True,86,True,1024,36,3.5556,92.661,,E_OK,48a1faf517c681ec2cd66e5f2cc2a0e17605a7d6f65a6b21cb8c1f8a3fb1bed7,e3b5fc41070d9f114153a59eef3d5531e6e8bf3a4eb0862e50a9b6926b15ab2f,True,tb_2o_3i_none
2b|3j,2b,3j,,129,129,109.0,29,1023,1.450071,True,True,74,True,1024,36,3.5833,14.532,,E_OK,deb4d2ccc75761b98c332ac3bcd79e76a9ceab39828cc7986ee819a7da97e7a7,fff42a5d6738b2113c407628100ec7e5b3f48e27c1e1165000629dd200027aab,True,tb_2b_3j_none
2o|3b,2o,3b,,129,129,108.0,29,1023,1.450071,True,True,87,True,1024,36,3.5833,11.065,,E_OK,48a1faf517c681ec2cd66e5f2cc2a0e17605a7d6f65a6b21cb8c1f8a3fb1bed7,77d378c9c2e8028dcb4a8cdc86b96f7974406dcd9c64183d48cde4491f0cc32d,True,tb_2o_3b_none
2p|3e,2p,3e,,130,130,104.0,39,1023,1.950095,True,True,78,True,1024,36,3.6111,29.813,,E_OK,e2eae67a2381bb8adf5729f206093f903c8e1d580fc8e5c17575d9840cd36427,4ed9f0c4cde6e32ea32dc1c3bbe7d9b02d86948e0ba55f6d415653992d0661bd,True,tb_2p_3e_none
2p|3i,2p,3i,,130,130,104.0,39,1023,1.950095,True,True,71,True,1024,36,3.6111,91.979,,E_OK,e2eae67a2381bb8adf5729f206093f903c8e1d580fc8e5c17575d9840cd36427,153c0cb78b74f5cbaef38541a574224c19e06e7e8b3bd9c2a39cbd807926a1c5,True,tb_2p_3i_none
2o|3e,2o,3e,,131,131,108.0,29,1023,1.450071,True,True,86,True,1024,36,3.6389,35.794,,E_OK,48a1faf517c681ec2cd66e5f2cc2a0e17605a7d6f65a6b21cb8c1f8a3fb1bed7,bacabe6f1cc5cc9fbb4b71f55cc9b9898b2192337bbe5c73d052a9253dab80fa,True,tb_2o_3e_none
2l|3d,2l,3d,,136,136,88.0,39,1023,1.950095,True,True,56,True,1024,36,3.7778,13.364,,E_OK,5771b2bafd25da851000678e4d8d5d9f68c50a543083aebbf53ae4b14c4fadae,67cc1480f9e0fcaf75e603ab9c3604c4959754e933618ce25edd19466f3bd54a,True,tb_2l_3d_none
2l|3b,2l,3b,,136,136,88.0,39,1023,1.950095,True,True,56,True,1024,36,3.7778,12.699,,E_OK,5771b2bafd25da851000678e4d8d5d9f68c50a543083aebbf53ae4b14c4fadae,15a556b1d25b9bf4a12c30c83f4c828263753b3bd2de51f6d3f3ef04446bd4c1,True,tb_2l_3b_none
2l|3j,2l,3j,,136,136,88.0,39,1023,1.950095,True,True,56,True,1024,36,3.7778,13.103,,E_OK,5771b2bafd25da851000678e4d8d5d9f68c50a543083aebbf53ae4b14c4fadae,fb9e228172120b568bc7904863d75660ee1ab0d69e129a29ae03bb46545bb19f,True,tb_2l_3j_none
2l|3e,2l,3e,,137,137,88.0,39,1023,1.950095,True,True,56,True,1024,36,3.8056,33.025,,E_OK,5771b2bafd25da851000678e4d8d5d9f68c50a543083aebbf53ae4b14c4fadae,9c60d9828d00930612de3dd261fd2b765b5899d703a35870fa030e1e3935daa1,True,tb_2l_3e_none
2l|3i,2l,3i,,138,138,88.0,39,1023,1.950095,True,True,56,True,1024,36,3.8333,67.011,,E_OK,5771b2bafd25da851000678e4d8d5d9f68c50a543083aebbf53ae4b14c4fadae,e93656a98a451a3916022d2312a8de14dee13cb030130a0fb89a3da9b5c9c09a,True,tb_2l_3i_none
2l|3a,2l,3a,,143,143,88.0,39,1023,1.950095,True,True,56,True,1024,36,3.9722,9.737,,E_OK,5771b2bafd25da851000678e4d8d5d9f68c50a543083aebbf53ae4b14c4fadae,841dc83c7f421531b6854bdcc60f57ef45c4c7d7eea9f7daafdfec06031e0e35,True,tb_2l_3a_none
2o|3d,2o,3d,,144,144,108.0,29,1023,1.450071,True,True,80,True,1024,36,4.0,13.747,,E_OK,48a1faf517c681ec2cd66e5f2cc2a0e17605a7d6f65a6b21cb8c1f8a3fb1bed7,fdc00afff812e46221d4c123569ee8abcfc1da9ebabd89dc705e4d60b6ed4683,True,tb_2o_3d_none
2b|3d,2b,3d,,146,146,109.0,29,1023,1.450071,True,True,76,True,1024,36,4.0556,13.888,,E_OK,deb4d2ccc75761b98c332ac3bcd79e76a9ceab39828cc7986ee819a7da97e7a7,bed12293f60d9878bd46eefe26340e2a74a59fc535054dcc4f122b2c89f2f709,True,tb_2b_3d_none
2l|3c,2l,3c,,146,146,88.0,39,1023,1.950095,True,True,56,True,1024,36,4.0556,12.028,,E_OK,5771b2bafd25da851000678e4d8d5d9f68c50a543083aebbf53ae4b14c4fadae,3ffb133f1b537fc5fe65ffccaecdb5aac1ad2da7fc7e6fe6798cd0c205622583,True,tb_2l_3c_none
2p|3j,2p,3j,,147,147,104.0,39,1023,1.950095,True,True,76,True,1024,36,4.0833,13.521,,E_OK,e2eae67a2381bb8adf5729f206093f903c8e1d580fc8e5c17575d9840cd36427,6c908a0f6c4e293bc2d55ffd23dc5bd0b847934a5d37db6e9d364a3c43a8bb75,True,tb_2p_3j_none
2o|3j,2o,3j,,150,150,108.0,29,1023,1.450071,True,True,81,True,1024,36,4.1667,12.754,,E_OK,48a1faf517c681ec2cd66e5f2cc2a0e17605a7d6f65a6b21cb8c1f8a3fb1bed7,1ffed4ba3101c39658a98bfa33aa9c276a8fb27e941656e45d5940c71c018ac2,True,tb_2o_3j_none
2b|3c,2b,3c,,152,152,109.0,29,1023,1.450071,True,True,87,True,1024,36,4.2222,13.236,,E_OK,deb4d2ccc75761b98c332ac3bcd79e76a9ceab39828cc7986ee819a7da97e7a7,7119462c770fa2e82014dcfacf97c7993831a130060b6e21487d9eee80ca520f,True,tb_2b_3c_none
2b|3f,2b,3f,,152,152,109.0,29,1023,1.450071,True,True,87,True,1024,36,4.2222,11.726,,E_OK,deb4d2ccc75761b98c332ac3bcd79e76a9ceab39828cc7986ee819a7da97e7a7,7119462c770fa2e82014dcfacf97c7993831a130060b6e21487d9eee80ca520f,False,
2o|3a,2o,3a,,152,152,108.0,29,1023,1.450071,True,True,87,True,1024,36,4.2222,8.415,,E_OK,48a1faf517c681ec2cd66e5f2cc2a0e17605a7d6f65a6b21cb8c1f8a3fb1bed7,81b082992b03691e7d463c17f2e4d2e87981f3617909394b4a515ea68d92fc86,True,tb_2o_3a_none
2o|3c,2o,3c,,152,152,108.0,29,1023,1.450071,True,True,87,True,1024,36,4.2222,12.631,,E_OK,48a1faf517c681ec2cd66e5f2cc2a0e17605a7d6f65a6b21cb8c1f8a3fb1bed7,81b082992b03691e7d463c17f2e4d2e87981f3617909394b4a515ea68d92fc86,False,
2l|3g,2l,3g,,152,152,88.0,39,1023,1.950095,True,True,56,True,1024,36,4.2222,11.693,,E_OK,5771b2bafd25da851000678e4d8d5d9f68c50a543083aebbf53ae4b14c4fadae,3ffb133f1b537fc5fe65ffccaecdb5aac1ad2da7fc7e6fe6798cd0c205622583,False,
2o|3f,2o,3f,,152,152,108.0,29,1023,1.450071,True,True,87,True,1024,36,4.2222,10.222,,E_OK,48a1faf517c681ec2cd66e5f2cc2a0e17605a7d6f65a6b21cb8c1f8a3fb1bed7,81b082992b03691e7d463c17f2e4d2e87981f3617909394b4a515ea68d92fc86,False,
2o|3g,2o,3g,,152,152,108.0,29,1023,1.450071,True,True,87,True,1024,36,4.2222,8.754,,E_OK,48a1faf517c681ec2cd66e5f2cc2a0e17605a7d6f65a6b21cb8c1f8a3fb1bed7,81b082992b03691e7d463c17f2e4d2e87981f3617909394b4a515ea68d92fc86,False,
2b|3a,2b,3a,,153,153,109.0,29,1023,1.450071,True,True,87,True,1024,36,4.25,10.096,,E_OK,deb4d2ccc75761b98c332ac3bcd79e76a9ceab39828cc7986ee819a7da97e7a7,7119462c770fa2e82014dcfacf97c7993831a130060b6e21487d9eee80ca520f,False,
2b|3g,2b,3g,,153,153,109.0,29,1023,1.450071,True,True,87,True,1024,36,4.25,9.888,,E_OK,deb4d2ccc75761b98c332ac3bcd79e76a9ceab39828cc7986ee819a7da97e7a7,be6865290cadfbaff542a19e928618ee4386a03e0f2a1d1d283c2163c60d7e77,True,tb_2b_3g_none
2p|3d,2p,3d,,153,153,104.0,39,1023,1.950095,True,True,77,True,1024,36,4.25,13.889,,E_OK,e2eae67a2381bb8adf5729f206093f903c8e1d580fc8e5c17575d9840cd36427,2ff030f8804270fd3efbcf622b0ec1534f64ac5dfa99ab77609d73f8d00483fb,True,tb_2p_3d_none
2l|3f,2l,3f,,154,154,88.0,39,1023,1.950095,True,True,56,True,1024,36,4.2778,18.486,,E_OK,5771b2bafd25da851000678e4d8d5d9f68c50a543083aebbf53ae4b14c4fadae,4349e2db8f259cf8323270b234a5f0759730702598ead7d6e43a8c253f5b5372,True,tb_2l_3f_none
2j|3j,2j,3j,,159,159,106.0,39,1023,1.950095,True,True,56,True,1024,36,4.4167,13.465,,E_OK,8338af9f010392beacb8129faa79671f873996012dc1dfd4ce884e485cacd0f3,c166d40d3eae360d6d19db4a39cb854bea6077d67b28e4e086d6fe2a09f39b17,False,
2j|3d,2j,3d,,161,161,106.0,39,1023,1.950095,True,True,56,True,1024,36,4.4722,13.398,,E_OK,8338af9f010392beacb8129faa79671f873996012dc1dfd4ce884e485cacd0f3,c166d40d3eae360d6d19db4a39cb854bea6077d67b28e4e086d6fe2a09f39b17,False,
2j|3e,2j,3e,,162,162,106.0,39,1023,1.950095,True,True,56,True,1024,36,4.5,24.172,,E_OK,8338af9f010392beacb8129faa79671f873996012dc1dfd4ce884e485cacd0f3,c166d40d3eae360d6d19db4a39cb854bea6077d67b28e4e086d6fe2a09f39b17,False,
2j|3b,2j,3b,,162,162,106.0,39,1023,1.950095,True,True,56,True,1024,36,4.5,11.223,,E_OK,8338af9f010392beacb8129faa79671f873996012dc1dfd4ce884e485cacd0f3,c166d40d3eae360d6d19db4a39cb854bea6077d67b28e4e086d6fe2a09f39b17,False,
2l|3h,2l,3h,,164,164,88.0,39,1023,1.950095,True,True,56,True,1024,36,4.5556,159.574,,E_OK,5771b2bafd25da851000678e4d8d5d9f68c50a543083aebbf53ae4b14c4fadae,e13d9c9ca62d1c7e87a2016982df839a61c7b60338bdcd870eea1710d32ac3d1,True,tb_2l_3h_none
2j|3i,2j,3i,,168,168,106.0,39,1023,1.950095,True,True,56,True,1024,36,4.6667,88.959,,E_OK,8338af9f010392beacb8129faa79671f873996012dc1dfd4ce884e485cacd0f3,c166d40d3eae360d6d19db4a39cb854bea6077d67b28e4e086d6fe2a09f39b17,False,
2p|3a,2p,3a,,173,173,104.0,39,1023,1.950095,True,True,82,True,1024,36,4.8056,8.994,,E_OK,e2eae67a2381bb8adf5729f206093f903c8e1d580fc8e5c17575d9840cd36427,241214b7364e49f58a0802b4137efa4c24c6924b41cf876f5157e8109465669f,False,
2p|3g,2p,3g,,173,173,104.0,39,1023,1.950095,True,True,82,True,1024,36,4.8056,8.538,,E_OK,e2eae67a2381bb8adf5729f206093f903c8e1d580fc8e5c17575d9840cd36427,241214b7364e49f58a0802b4137efa4c24c6924b41cf876f5157e8109465669f,False,
2p|3c,2p,3c,,174,174,104.0,39,1023,1.950095,True,True,82,True,1024,36,4.8333,13.052,,E_OK,e2eae67a2381bb8adf5729f206093f903c8e1d580fc8e5c17575d9840cd36427,949f7ae78f0a3a2addedd9b80a527066efcfe5ba868923bfe45905d1918d65e8,True,tb_2p_3c_none
2j|3a,2j,3a,,175,175,106.0,39,1023,1.950095,True,True,56,True,1024,36,4.8611,9.627,,E_OK,8338af9f010392beacb8129faa79671f873996012dc1dfd4ce884e485cacd0f3,c166d40d3eae360d6d19db4a39cb854bea6077d67b28e4e086d6fe2a09f39b17,False,
2j|3c,2j,3c,,182,182,106.0,39,1023,1.950095,True,True,56,True,1024,36,5.0556,14.262,,E_OK,8338af9f010392beacb8129faa79671f873996012dc1dfd4ce884e485cacd0f3,c166d40d3eae360d6d19db4a39cb854bea6077d67b28e4e086d6fe2a09f39b17,True,tb_2j_3c_none
2j|3g,2j,3g,,182,182,106.0,39,1023,1.950095,True,True,56,True,1024,36,5.0556,10.09,,E_OK,8338af9f010392beacb8129faa79671f873996012dc1dfd4ce884e485cacd0f3,c166d40d3eae360d6d19db4a39cb854bea6077d67b28e4e086d6fe2a09f39b17,False,
2j|3f,2j,3f,,186,186,106.0,39,1023,1.950095,True,True,56,True,1024,36,5.1667,10.103,,E_OK,8338af9f010392beacb8129faa79671f873996012dc1dfd4ce884e485cacd0f3,c166d40d3eae360d6d19db4a39cb854bea6077d67b28e4e086d6fe2a09f39b17,False,
2p|3f,2p,3f,,188,188,104.0,39,1023,1.950095,True,True,82,True,1024,36,5.2222,11.686,,E_OK,e2eae67a2381bb8adf5729f206093f903c8e1d580fc8e5c17575d9840cd36427,241214b7364e49f58a0802b4137efa4c24c6924b41cf876f5157e8109465669f,True,tb_2p_3f_none
2o|3h,2o,3h,,201,201,108.0,29,1023,1.450071,True,True,71,True,1024,36,5.5833,160.77,,E_OK,48a1faf517c681ec2cd66e5f2cc2a0e17605a7d6f65a6b21cb8c1f8a3fb1bed7,c4a00ea20e3e0426c9b1ea927d7d9316f3f192e80c6dee3c2d36581aa8b4f49d,True,tb_2o_3h_none
2g|3e,2g,3e,,215,215,93.0,30,3972,1.500073,False,True,46,True,1024,36,5.9722,210.017,,E_OK,83c076d1c350e27550c730695ee3246edfffa428824f5ecc9ef512b72762aa33,e5483e116979c238e48673eef3fe4cb28e238b45422a500bfbf987587523a66d,True,tb_2g_3e_none
2b|3h,2b,3h,,219,219,109.0,29,1023,1.450071,True,True,77,True,1024,36,6.0833,163.767,,E_OK,deb4d2ccc75761b98c332ac3bcd79e76a9ceab39828cc7986ee819a7da97e7a7,546f16f4ae4414cc5ab223170285ed73d6d8ddb1c50b89549e8202a5f84a4ac6,True,tb_2b_3h_none
2g|3b,2g,3b,,224,224,93.0,30,3972,1.500073,False,True,46,True,1024,36,6.2222,75.905,,E_OK,83c076d1c350e27550c730695ee3246edfffa428824f5ecc9ef512b72762aa33,09e5318e7ec2c294c5f2fdde87d0dd022812702c70be2d06c62612039671dd6e,True,tb_2g_3b_none
2g|3f,2g,3f,,227,227,93.0,30,3972,1.500073,False,True,46,True,1024,36,6.3056,87.964,,E_OK,83c076d1c350e27550c730695ee3246edfffa428824f5ecc9ef512b72762aa33,a4c8813cd1c4fd370d9092aa98d7057d9712fb804ea50ae45ee0a6b9c572e309,True,tb_2g_3f_none
2g|3i,2g,3i,,229,229,93.0,30,3972,1.500073,False,True,46,True,1024,36,6.3611,126.571,,E_OK,83c076d1c350e27550c730695ee3246edfffa428824f5ecc9ef512b72762aa33,f331c6f6e1a972ddc8a3891b2c5b3a00a0762ea83a9a2740514f365f18cee79c,True,tb_2g_3i_none
2g|3j,2g,3j,,234,234,93.0,30,3972,1.500073,False,True,46,True,1024,36,6.5,78.647,,E_OK,83c076d1c350e27550c730695ee3246edfffa428824f5ecc9ef512b72762aa33,a23a1a50c303154ec1768e7e24ebf27caf2f12ce5319bf1183f884f87445dbd3,True,tb_2g_3j_none
2p|3h,2p,3h,,234,234,104.0,39,1023,1.950095,True,True,69,True,1024,36,6.5,158.018,,E_OK,e2eae67a2381bb8adf5729f206093f903c8e1d580fc8e5c17575d9840cd36427,183321cbf8fe22c2c80cc169577373385f5ddf6ed7ea75ecbc84c6c3e8a036d8,True,tb_2p_3h_none
2g|3d,2g,3d,,243,243,93.0,30,3972,1.500073,False,True,46,True,1024,36,6.75,78.189,,E_OK,83c076d1c350e27550c730695ee3246edfffa428824f5ecc9ef512b72762aa33,59667a154115701c07b70e2e2c9f84a2408b5e872b1b6b01508abe8f12b6f3a2,True,tb_2g_3d_none
2g|3a,2g,3a,,252,252,93.0,30,3972,1.500073,False,True,46,True,1024,36,7.0,71.432,,E_OK,83c076d1c350e27550c730695ee3246edfffa428824f5ecc9ef512b72762aa33,e6e1e4d6f57233d2d15487c65413deb9c8b00e57047a0f55f26c00f3a4e3603f,True,tb_2g_3a_none
2g|3g,2g,3g,,252,252,93.0,30,3972,1.500073,False,True,42,True,1024,36,7.0,75.256,,E_OK,83c076d1c350e27550c730695ee3246edfffa428824f5ecc9ef512b72762aa33,13a9c2a8a941514b9cd3d712e8f6fdbeebe1e917929f8258a7dd2df67a176453,True,tb_2g_3g_none
2g|3c,2g,3c,,256,256,93.0,30,3972,1.500073,False,True,46,True,1024,36,7.1111,74.903,,E_OK,83c076d1c350e27550c730695ee3246edfffa428824f5ecc9ef512b72762aa33,e8f86b29b4a1a6561273cfe2759a388c867488c8fc38296d877bd7111ec5ea53,True,tb_2g_3c_none
2a|3b,2a,3b,,261,261,124.0,47,4094,2.350115,False,True,115,True,1024,36,7.25,14.263,,E_OK,2b570e32c9c55d4f29b101ea76c04c584c611fd9777b317197e90ef88a414238,5e412339b077e2dcdf53aca12c0e4e623b3dc473616199a4ced686517df5e9af,True,tb_2a_3b_none
2m|3b,2m,3b,,261,261,124.0,47,4094,2.350115,False,True,115,True,1024,36,7.25,17.844,,E_OK,2b570e32c9c55d4f29b101ea76c04c584c611fd9777b317197e90ef88a414238,5e412339b077e2dcdf53aca12c0e4e623b3dc473616199a4ced686517df5e9af,False,
2a|3i,2a,3i,,268,268,124.0,47,4094,2.350115,False,True,111,True,1024,36,7.4444,108.266,,E_OK,2b570e32c9c55d4f29b101ea76c04c584c611fd9777b317197e90ef88a414238,c732a487ee7e40cd5d894ac4994dcf30fd642e3933b24a3b7c510a7318e579ee,True,tb_2a_3i_none
2m|3i,2m,3i,,268,268,124.0,47,4094,2.350115,False,True,111,True,1024,36,7.4444,103.663,,E_OK,2b570e32c9c55d4f29b101ea76c04c584c611fd9777b317197e90ef88a414238,c732a487ee7e40cd5d894ac4994dcf30fd642e3933b24a3b7c510a7318e579ee,False,
2a|3e,2a,3e,,269,269,124.0,47,4094,2.350115,False,True,118,True,1024,36,7.4722,36.365,,E_OK,2b570e32c9c55d4f29b101ea76c04c584c611fd9777b317197e90ef88a414238,ff8f13bd8cd194ba512728e5fca8c81517848cb124cf674e22d687b50fee459d,True,tb_2a_3e_none
2m|3e,2m,3e,,269,269,124.0,47,4094,2.350115,False,True,118,True,1024,36,7.4722,37.822,,E_OK,2b570e32c9c55d4f29b101ea76c04c584c611fd9777b317197e90ef88a414238,ff8f13bd8cd194ba512728e5fca8c81517848cb124cf674e22d687b50fee459d,False,
2a|3d,2a,3d,,278,278,124.0,47,4094,2.350115,False,True,105,True,1024,36,7.7222,16.454,,E_OK,2b570e32c9c55d4f29b101ea76c04c584c611fd9777b317197e90ef88a414238,32f762fac35f2fb8cc0aa5eb52ab228b86aee54881406e9cad03134d63c2eceb,True,tb_2a_3d_none
2m|3d,2m,3d,,278,278,124.0,47,4094,2.350115,False,True,105,True,1024,36,7.7222,15.666,,E_OK,2b570e32c9c55d4f29b101ea76c04c584c611fd9777b317197e90ef88a414238,32f762fac35f2fb8cc0aa5eb52ab228b86aee54881406e9cad03134d63c2eceb,False,
2j|3h,2j,3h,,278,278,106.0,39,1023,1.950095,True,True,56,True,1024,36,7.7222,161.446,,E_OK,8338af9f010392beacb8129faa79671f873996012dc1dfd4ce884e485cacd0f3,c166d40d3eae360d6d19db4a39cb854bea6077d67b28e4e086d6fe2a09f39b17,False,
2g|3h,2g,3h,,288,288,93.0,30,3972,1.500073,False,True,46,True,1024,36,8.0,227.287,,E_OK,83c076d1c350e27550c730695ee3246edfffa428824f5ecc9ef512b72762aa33,a08faf542d133e3403270272956b1e4e0166faccbec046b2528a5c94d85f8dce,True,tb_2g_3h_none
2a|3j,2a,3j,,302,302,124.0,47,4094,2.350115,False,True,105,True,1024,36,8.3889,18.262,,E_OK,2b570e32c9c55d4f29b101ea76c04c584c611fd9777b317197e90ef88a414238,0e63d182b2d69599f0b829345feb3883db21045cf7e80c9856453377135216e3,True,tb_2a_3j_none
2m|3j,2m,3j,,302,302,124.0,47,4094,2.350115,False,True,105,True,1024,36,8.3889,17.756,,E_OK,2b570e32c9c55d4f29b101ea76c04c584c611fd9777b317197e90ef88a414238,0e63d182b2d69599f0b829345feb3883db21045cf7e80c9856453377135216e3,False,
2c|3b,2c,3b,,316,316,175.0,29,1292,1.450071,False,True,73,True,909,36,8.7778,23.924,,E_OK,a56362ab0cc7ac954e8d19678de5ee498e95e1f1bfff0da7fa253858f99fa27e,e447685236622cb5c2f41f63b1aec11dca74e341679dda5d50f5be3f3051cfd5,True,tb_2c_3b_none
2c|3e,2c,3e,,323,323,175.0,29,1292,1.450071,False,True,75,True,909,36,8.9722,48.76,,E_OK,a56362ab0cc7ac954e8d19678de5ee498e95e1f1bfff0da7fa253858f99fa27e,e7eb1960b73229cda9b707cd009e51d7e61f0aefcd31ffd0008df98865369000,True,tb_2c_3e_none
2d|3b,2d,3b,,330,330,127.0,29,2062,1.450071,False,True,72,True,1021,36,9.1667,43.58,,E_OK,04d891ebd873272c621b6bfdad14cff7539ed6d1e82415707e02dc91e1a52626,3728999d903d18e5772c8417bdfc4bfed2674ae40bd74bac601d971b73328e85,True,tb_2d_3b_none
2a|3c,2a,3c,,334,334,124.0,47,4094,2.350115,False,True,118,True,1024,36,9.2778,16.489,,E_OK,2b570e32c9c55d4f29b101ea76c04c584c611fd9777b317197e90ef88a414238,33b2202be3641ffb958782a347713e541d9549248057c8c3da229fc75197d416,True,tb_2a_3c_none
2a|3f,2a,3f,,334,334,124.0,47,4094,2.350115,False,True,118,True,1024,36,9.2778,12.331,,E_OK,2b570e32c9c55d4f29b101ea76c04c584c611fd9777b317197e90ef88a414238,33b2202be3641ffb958782a347713e541d9549248057c8c3da229fc75197d416,False,
2m|3c,2m,3c,,334,334,124.0,47,4094,2.350115,False,True,118,True,1024,36,9.2778,16.769,,E_OK,2b570e32c9c55d4f29b101ea76c04c584c611fd9777b317197e90ef88a414238,33b2202be3641ffb958782a347713e541d9549248057c8c3da229fc75197d416,False,
2m|3f,2m,3f,,334,334,124.0,47,4094,2.350115,False,True,118,True,1024,36,9.2778,11.804,,E_OK,2b570e32c9c55d4f29b101ea76c04c584c611fd9777b317197e90ef88a414238,33b2202be3641ffb958782a347713e541d9549248057c8c3da229fc75197d416,False,
2a|3a,2a,3a,,336,336,124.0,47,4094,2.350115,False,True,118,True,1024,36,9.3333,11.231,,E_OK,2b570e32c9c55d4f29b101ea76c04c584c611fd9777b317197e90ef88a414238,ce6281a63d3a7ff5414161c716f6d25cf07b4ed0228e98b91c9c212af68ede52,True,tb_2a_3a_none
2m|3a,2m,3a,,336,336,124.0,47,4094,2.350115,False,True,118,True,1024,36,9.3333,12.369,,E_OK,2b570e32c9c55d4f29b101ea76c04c584c611fd9777b317197e90ef88a414238,ce6281a63d3a7ff5414161c716f6d25cf07b4ed0228e98b91c9c212af68ede52,False,
2d|3j,2d,3j,,338,338,127.0,29,2062,1.450071,False,True,72,True,1021,36,9.3889,49.397,,E_OK,04d891ebd873272c621b6bfdad14cff7539ed6d1e82415707e02dc91e1a52626,713559a79118c2da07d7da9080787fedb31efd80eb4f861627cc02b8928f2c29,True,tb_2d_3j_none
2d|3c,2d,3c,,340,340,127.0,29,2062,1.450071,False,True,70,True,1021,36,9.4444,41.867,,E_OK,04d891ebd873272c621b6bfdad14cff7539ed6d1e82415707e02dc91e1a52626,224ff0eb7a5bdd4a23ee2e43cff80e55f60ebb200608a93bca1c6a983db6ad6c,True,tb_2d_3c_none
2c|3i,2c,3i,,342,342,175.0,29,1292,1.450071,False,True,74,True,909,36,9.5,113.464,,E_OK,a56362ab0cc7ac954e8d19678de5ee498e95e1f1bfff0da7fa253858f99fa27e,98d7b74abc9d7d3731c9ed38f5dd1e7303ee93caab857e5a08374631472ff2d6,True,tb_2c_3i_none
2c|3j,2c,3j,,344,344,175.0,29,1292,1.450071,False,True,75,True,909,36,9.5556,27.763,,E_OK,a56362ab0cc7ac954e8d19678de5ee498e95e1f1bfff0da7fa253858f99fa27e,3d0b04fc8f612dd8af9a35ea7c9e7a99b773cea46b7f04e600ca1b2dfadcac91,True,tb_2c_3j_none
2a|3g,2a,3g,,348,348,124.0,47,4094,2.350115,False,True,118,True,1024,36,9.6667,12.176,,E_OK,2b570e32c9c55d4f29b101ea76c04c584c611fd9777b317197e90ef88a414238,33b2202be3641ffb958782a347713e541d9549248057c8c3da229fc75197d416,False,
2m|3g,2m,3g,,348,348,124.0,47,4094,2.350115,False,True,118,True,1024,36,9.6667,11.068,,E_OK,2b570e32c9c55d4f29b101ea76c04c584c611fd9777b317197e90ef88a414238,33b2202be3641ffb958782a347713e541d9549248057c8c3da229fc75197d416,False,
2d|3a,2d,3a,,349,349,127.0,29,2062,1.450071,False,True,74,True,1021,36,9.6944,36.936,,E_OK,04d891ebd873272c621b6bfdad14cff7539ed6d1e82415707e02dc91e1a52626,8ca0f1e06122c41e8a45dd7685ad63ae016a257813103e4167ec0612daa557ba,True,tb_2d_3a_none
2d|3e,2d,3e,,351,351,127.0,29,2062,1.450071,False,True,67,True,1021,36,9.75,73.035,,E_OK,04d891ebd873272c621b6bfdad14cff7539ed6d1e82415707e02dc91e1a52626,890243486857d52bba3eb4c4c934a2b34fbdc730b67d01d124ec43fd0debbabe,True,tb_2d_3e_none
2d|3d,2d,3d,,356,356,127.0,29,2062,1.450071,False,True,67,True,1021,36,9.8889,40.329,,E_OK,04d891ebd873272c621b6bfdad14cff7539ed6d1e82415707e02dc91e1a52626,9acd08f0f2e128d898caaf347218978f70604536aae722b062ad698827514280,True,tb_2d_3d_none
2d|3f,2d,3f,,363,363,127.0,29,2062,1.450071,False,True,74,True,1021,36,10.0833,38.279,,E_OK,04d891ebd873272c621b6bfdad14cff7539ed6d1e82415707e02dc91e1a52626,8336b4527ac80953b1e7690505a4af9f71208d7a374bc16ec943562522ba09ba,True,tb_2d_3f_none
2d|3i,2d,3i,,365,365,127.0,29,2062,1.450071,False,True,74,True,1021,36,10.1389,146.198,,E_OK,04d891ebd873272c621b6bfdad14cff7539ed6d1e82415707e02dc91e1a52626,0c270814b08f623e8923b72263c3abe6ddef368d26a35505f4f5125de54cf383,True,tb_2d_3i_none
2c|3d,2c,3d,,367,367,175.0,29,1292,1.450071,False,True,78,True,909,36,10.1944,25.304,,E_OK,a56362ab0cc7ac954e8d19678de5ee498e95e1f1bfff0da7fa253858f99fa27e,a0661d471ec0e296b3e5bc90150993d8dc155c822e43ffec26789198615a8c44,True,tb_2c_3d_none
2d|3g,2d,3g,,378,378,127.0,29,2062,1.450071,False,True,69,True,1021,36,10.5,38.429,,E_OK,04d891ebd873272c621b6bfdad14cff7539ed6d1e82415707e02dc91e1a52626,44e416eb1b4a4509053ae0eedb10967a2dc949a21cdf3654a81ad85ce03228e8,True,tb_2d_3g_none
2c|3h,2c,3h,,390,390,175.0,29,1292,1.450071,False,True,73,True,909,36,10.8333,139.125,,E_OK,a56362ab0cc7ac954e8d19678de5ee498e95e1f1bfff0da7fa253858f99fa27e,baa154ffd64e100f19053d783ea9ed5bd4d37fca0f020a3fc24be494bdbdda00,True,tb_2c_3h_none
2d|3h,2d,3h,,392,392,127.0,29,2062,1.450071,False,True,69,True,1021,36,10.8889,184.652,,E_OK,04d891ebd873272c621b6bfdad14cff7539ed6d1e82415707e02dc91e1a52626,77928e2f46a021591fd285fcc4544640e835f5285309f69295481ba4656fea43,True,tb_2d_3h_none
2c|3a,2c,3a,,456,456,175.0,29,1292,1.450071,False,True,79,True,909,36,12.6667,19.848,,E_OK,a56362ab0cc7ac954e8d19678de5ee498e95e1f1bfff0da7fa253858f99fa27e,2495a6a86c99108f7e981dadfe65205561640850a4145acbcf92993b789af127,True,tb_2c_3a_none
2c|3f,2c,3f,,463,463,175.0,29,1292,1.450071,False,True,74,True,909,36,12.8611,42.184,,E_OK,a56362ab0cc7ac954e8d19678de5ee498e95e1f1bfff0da7fa253858f99fa27e,de1390e16023c859cbb904285b641f49b7a887337a890d53a45c4d8b0e446fb5,True,tb_2c_3f_none
2c|3g,2c,3g,,483,483,175.0,29,1292,1.450071,False,True,73,True,909,36,13.4167,22.819,,E_OK,a56362ab0cc7ac954e8d19678de5ee498e95e1f1bfff0da7fa253858f99fa27e,75d2fb5228fad55468c0f30f4ebcb5fa218ee78a2fce6577c5dc8db897b20ea8,True,tb_2c_3g_none
2a|3h,2a,3h,,490,490,124.0,47,4094,2.350115,False,True,105,True,1024,36,13.6111,158.531,,E_OK,2b570e32c9c55d4f29b101ea76c04c584c611fd9777b317197e90ef88a414238,3fad5245c63b71ff817c02bcbe1fb9b563ddbd26aad0f7757533ddbb4eea770a,True,tb_2a_3h_none
2m|3h,2m,3h,,490,490,124.0,47,4094,2.350115,False,True,105,True,1024,36,13.6111,167.062,,E_OK,2b570e32c9c55d4f29b101ea76c04c584c611fd9777b317197e90ef88a414238,3fad5245c63b71ff817c02bcbe1fb9b563ddbd26aad0f7757533ddbb4eea770a,False,
2c|3c,2c,3c,,508,508,175.0,29,1292,1.450071,False,True,69,True,909,36,14.1111,24.859,,E_OK,a56362ab0cc7ac954e8d19678de5ee498e95e1f1bfff0da7fa253858f99fa27e,ce52c4c343217543d2bc0bfb85230ef81482f5dc73da1317b29918bd4dc37a78,True,tb_2c_3c_none
2q|3d,2q,3d,,647,647,131.0,23,2043,1.150056,False,True,54,True,1024,36,17.9722,12.406,,E_OK,74ffb39a9fafe38f18c0323ff50aceb71cd6b7f13d7360cd545afd738a2aa21f,6686cb2d8edfbe99f9cbf064951fbb2638c4566ecbb9d66a419c8520fdfd5198,True,tb_2q_3d_none
2q|3j,2q,3j,,648,648,131.0,23,2043,1.150056,False,True,54,True,1024,36,18.0,13.693,,E_OK,74ffb39a9fafe38f18c0323ff50aceb71cd6b7f13d7360cd545afd738a2aa21f,b756b37223460dede0f3454ddb8775c17b6135b895b7625ffe59a14555cf3d47,True,tb_2q_3j_none
2q|3f,2q,3f,,679,679,131.0,23,2043,1.150056,False,True,56,True,1024,36,18.8611,18.435,,E_OK,74ffb39a9fafe38f18c0323ff50aceb71cd6b7f13d7360cd545afd738a2aa21f,5005c74d555107e22300137b35f6b24036aeae3dc78e07a5c8f26c26dcd469f9,True,tb_2q_3f_none
2q|3b,2q,3b,,695,695,131.0,23,2043,1.150056,False,True,54,True,1024,36,19.3056,11.06,,E_OK,74ffb39a9fafe38f18c0323ff50aceb71cd6b7f13d7360cd545afd738a2aa21f,982209fbb3d557d2ddf98029f8653dfcc9689a869aabbefc28ea1ba14a6117b4,True,tb_2q_3b_none
2q|3e,2q,3e,,732,732,131.0,23,2043,1.150056,False,True,56,True,1024,36,20.3333,38.634,,E_OK,74ffb39a9fafe38f18c0323ff50aceb71cd6b7f13d7360cd545afd738a2aa21f,bd110652a063c98e8b1fda53b14275855241671ee01cde9eec030c658fa439b2,True,tb_2q_3e_none
2q|3c,2q,3c,,738,738,131.0,23,2043,1.150056,False,True,54,True,1024,36,20.5,11.06,,E_OK,74ffb39a9fafe38f18c0323ff50aceb71cd6b7f13d7360cd545afd738a2aa21f,93a2f9d89f51928f90d6113a66377fc03cd6d7acaa80d2faa1637dcecb7d5959,True,tb_2q_3c_none
2q|3g,2q,3g,,790,790,131.0,23,2043,1.150056,False,True,54,True,1024,36,21.9444,7.654,,E_OK,74ffb39a9fafe38f18c0323ff50aceb71cd6b7f13d7360cd545afd738a2aa21f,ed3fd35e5cdc1a4c47f55f6b69844d8d0eba8f6ccf6069347ffbf954fc4340ba,True,tb_2q_3g_none
2q|3a,2q,3a,,799,799,131.0,23,2043,1.150056,False,True,56,True,1024,36,22.1944,8.212,,E_OK,74ffb39a9fafe38f18c0323ff50aceb71cd6b7f13d7360cd545afd738a2aa21f,17fb51de66fd3a837931510554a8830c2268bccfd492ea3c309fc83a7b0a04e5,True,tb_2q_3a_none
2q|3i,2q,3i,,845,845,131.0,23,2043,1.150056,False,True,54,True,1024,36,23.4722,84.786,,E_OK,74ffb39a9fafe38f18c0323ff50aceb71cd6b7f13d7360cd545afd738a2aa21f,792d5c395a4e544c1e81de311ac958a44c874efc3bc4f5d71b0ebc16c5936a22,True,tb_2q_3i_none
2q|3h,2q,3h,,951,951,131.0,23,2043,1.150056,False,True,54,True,1024,36,26.4167,163.45,,E_OK,74ffb39a9fafe38f18c0323ff50aceb71cd6b7f13d7360cd545afd738a2aa21f,6c7f56d2c4687e1f4ef02a0873b7fd12e7fb413bdd88732194848b89ab3fc440,True,tb_2q_3h_none
2r|3a,2r,3a,,957,957,161.0,33,7430,1.650081,False,True,63,True,1024,36,26.5833,18.981,,E_OK,6bf195f4cd2b353a1643a71371d77d44d9d1e5251710b193132970e0daa8cd84,9aad6ecbdf46cf33b0315ad7b2d4166cdd9766a684fd7756df6635b1752fa214,True,tb_2r_3a_none
2h|3d,2h,3d,,999,999,190.0,23,4094,1.150056,False,True,70,True,1024,36,27.75,17.667,,E_OK,5ec74b98bde0f58619f6b781c6653f528f58c8f335f3b510d0aea35e54f6fd5b,1011d1fd5e3aba94896cbe8f0a524041cddd8be766d070eed66f1946c882af9c,True,tb_2h_3d_none
2h|3j,2h,3j,,1079,1079,190.0,23,4094,1.150056,False,True,64,True,1024,36,29.9722,20.871,,E_OK,5ec74b98bde0f58619f6b781c6653f528f58c8f335f3b510d0aea35e54f6fd5b,0980a3a714152adca8f91d3fb8a58bdc78293c55c954d58ca20cbdfee77721f3,True,tb_2h_3j_none
2r|3b,2r,3b,,1112,1112,161.0,33,7430,1.650081,False,True,63,True,1024,36,30.8889,26.142,,E_OK,6bf195f4cd2b353a1643a71371d77d44d9d1e5251710b193132970e0daa8cd84,b7812950e9af58a7a5946665d242e50474a53a7e3cb2d844cc58e178335dab98,True,tb_2r_3b_none
2r|3d,2r,3d,,1114,1114,161.0,33,7430,1.650081,False,True,63,True,1024,36,30.9444,25.615,,E_OK,6bf195f4cd2b353a1643a71371d77d44d9d1e5251710b193132970e0daa8cd84,cdb87937701e7d3ce26fbb21669bf663bfb0ea1105ca4f395d2dd4f59de998ef,True,tb_2r_3d_none
2r|3e,2r,3e,,1117,1117,161.0,33,7430,1.650081,False,True,63,True,1024,36,31.0278,109.459,,E_OK,6bf195f4cd2b353a1643a71371d77d44d9d1e5251710b193132970e0daa8cd84,bd969802a55ee7705a1fb17f0f859ffa64d641c95573088bfc20292f22c38ae1,True,tb_2r_3e_none
2r|3j,2r,3j,,1142,1142,161.0,33,7430,1.650081,False,True,63,True,1024,36,31.7222,28.39,,E_OK,6bf195f4cd2b353a1643a71371d77d44d9d1e5251710b193132970e0daa8cd84,74cdf622789c97f5b5627b8a6fcd71e5b911b35eb18d4d26620a9929da824181,True,tb_2r_3j_none
2h|3e,2h,3e,,1200,1200,190.0,23,4094,1.150056,False,True,66,True,1024,36,33.3333,127.57,,E_OK,5ec74b98bde0f58619f6b781c6653f528f58c8f335f3b510d0aea35e54f6fd5b,075dde71a3eaf2ec24112e07e285134fad82dcd9da0d18963942b3e93547d1c5,True,tb_2h_3e_none
2h|3b,2h,3b,,1200,1200,190.0,23,4094,1.150056,False,True,66,True,1024,36,33.3333,15.1,,E_OK,5ec74b98bde0f58619f6b781c6653f528f58c8f335f3b510d0aea35e54f6fd5b,afc3c7d192bfa34ee4b78f168cb0c97acae8dbe1c5464042a21edb53b049b2ce,True,tb_2h_3b_none
2k|3a,2k,3a,,1241,1241,66.0,79,829,3.950193,False,True,143,True,608,36,34.4722,10.835,,E_OK,fe7e2e2260730c71f4dcf0cd33d7bc9a692d0b751512b398751ca09a90b7415f,e35fe9327c55ef0094c68979e92db5b6d9b86603f65dbcca1a72e4f185df3c7c,True,tb_2k_3a_none
2k|3e,2k,3e,,1251,1251,66.0,79,829,3.950193,False,True,148,True,608,36,34.75,22.022,,E_OK,fe7e2e2260730c71f4dcf0cd33d7bc9a692d0b751512b398751ca09a90b7415f,bbd533765d66ceb2ac9ed7265700ccdc84fce3da709727ec3defa9548ae0ad0b,True,tb_2k_3e_none
2k|3b,2k,3b,,1263,1263,66.0,79,829,3.950193,False,True,148,True,608,36,35.0833,15.305,,E_OK,fe7e2e2260730c71f4dcf0cd33d7bc9a692d0b751512b398751ca09a90b7415f,be19f8fb2512ed04372f1d4e828eabe223d9ddff309f8c0d40200ddc9dfa3865,True,tb_2k_3b_none
2k|3j,2k,3j,,1292,1292,66.0,79,829,3.950193,False,True,153,True,608,36,35.8889,15.3,,E_OK,fe7e2e2260730c71f4dcf0cd33d7bc9a692d0b751512b398751ca09a90b7415f,e486a2071a385f4b4b42d98b1fb6520fae4e3ce21d16c154f78ec7a20413ecf5,True,tb_2k_3j_none
2k|3d,2k,3d,,1296,1296,66.0,79,829,3.950193,False,True,153,True,608,36,36.0,13.778,,E_OK,fe7e2e2260730c71f4dcf0cd33d7bc9a692d0b751512b398751ca09a90b7415f,84a3dbff5795bb7043b7bf12cf95779a110bda5cc28a67b3bac0032908c6e284,True,tb_2k_3d_none
2r|3f,2r,3f,,1299,1299,161.0,33,7430,1.650081,False,True,63,True,1024,36,36.0833,22.737,,E_OK,6bf195f4cd2b353a1643a71371d77d44d9d1e5251710b193132970e0daa8cd84,97c9c5243e0c80637f72f6a94e83875aec90cea6ed5bce9f1cf860369b98646d,True,tb_2r_3f_none
2k|3c,2k,3c,,1315,1315,66.0,79,829,3.950193,False,True,143,True,608,36,36.5278,30.901,,E_OK,fe7e2e2260730c71f4dcf0cd33d7bc9a692d0b751512b398751ca09a90b7415f,dc8c5eb175d6be6f21a9ce64d70404fdcd6148e25cb7774ea2c148ec578958cc,True,tb_2k_3c_none
2k|3g,2k,3g,,1316,1316,66.0,79,829,3.950193,False,True,148,True,608,36,36.5556,11.199,,E_OK,fe7e2e2260730c71f4dcf0cd33d7bc9a692d0b751512b398751ca09a90b7415f,9448b4ef111a6ff6678a427911f1859e399fbbfc41625f51dacc0d9e43af32d6,True,tb_2k_3g_none
2r|3c,2r,3c,,1322,1322,161.0,33,7430,1.650081,False,True,63,True,1024,36,36.7222,27.032,,E_OK,6bf195f4cd2b353a1643a71371d77d44d9d1e5251710b193132970e0daa8cd84,2743b056842f6a2294f3e106d3d3432f891feb858f81681d585cbbef5435cab1,True,tb_2r_3c_none
2h|3i,2h,3i,,1323,1323,190.0,23,4094,1.150056,False,True,67,True,1024,36,36.75,142.747,,E_OK,5ec74b98bde0f58619f6b781c6653f528f58c8f335f3b510d0aea35e54f6fd5b,e6c33bb204e71956f2220024d0891a60085218d22b9a8981d3e004e8f2301706,True,tb_2h_3i_none
2k|3f,2k,3f,,1343,1343,66.0,79,829,3.950193,False,True,148,True,608,36,37.3056,16.038,,E_OK,fe7e2e2260730c71f4dcf0cd33d7bc9a692d0b751512b398751ca09a90b7415f,16e27ef8857559f521564db258ef1afeb09ff67856c1185b4ed4cf678d141054,True,tb_2k_3f_none
2r|3h,2r,3h,,1368,1368,161.0,33,7430,1.650081,False,True,63,True,1024,36,38.0,164.946,,E_OK,6bf195f4cd2b353a1643a71371d77d44d9d1e5251710b193132970e0daa8cd84,f63a6756b6d44ddc425546adb7f1308282ce16ec6a1a495208b12c590e1de088,True,tb_2r_3h_none
2h|3f,2h,3f,,1382,1382,190.0,23,4094,1.150056,False,True,67,True,1024,36,38.3889,32.422,,E_OK,5ec74b98bde0f58619f6b781c6653f528f58c8f335f3b510d0aea35e54f6fd5b,c17e77b1ad72cf8995504ac7eae27e4daa8e0095e9dc530baf77307db183d201,True,tb_2h_3f_none
2r|3g,2r,3g,,1385,1385,161.0,33,7430,1.650081,False,True,63,True,1024,36,38.4722,16.783,,E_OK,6bf195f4cd2b353a1643a71371d77d44d9d1e5251710b193132970e0daa8cd84,a7bf7c33bf11c6f8978c1a2d52d31b0ccb81f14401d0864a2a91522851d8de1c,True,tb_2r_3g_none
2n|3f,2n,3f,,1433,1433,105.0,25,7054,1.250061,False,True,77,True,1024,36,39.8056,28.573,,E_OK,234dbf241de2d59b9e29b8c3519b1555566ecba945d7170f355535a89b98c415,5424abae2e978af58fa023396b49be13dbbe707a85425a58fba15a49694c7479,True,tb_2n_3f_none
2n|3a,2n,3a,,1437,1437,105.0,25,7054,1.250061,False,True,77,True,1024,36,39.9167,27.118,,E_OK,234dbf241de2d59b9e29b8c3519b1555566ecba945d7170f355535a89b98c415,abcef1b30c8e3d45817d3ed4cd0f95b1efb5debfb853fed48671dbfa16283458,True,tb_2n_3a_none
2r|3i,2r,3i,,1438,1438,161.0,33,7430,1.650081,False,True,63,True,1024,36,39.9444,156.853,,E_OK,6bf195f4cd2b353a1643a71371d77d44d9d1e5251710b193132970e0daa8cd84,00ed0e5225df291e5f82dc5fdaa99d38262f2702bfa7710b169ee04164a5b564,True,tb_2r_3i_none
2n|3c,2n,3c,,1450,1450,105.0,25,7054,1.250061,False,True,77,True,1024,36,40.2778,32.586,,E_OK,234dbf241de2d59b9e29b8c3519b1555566ecba945d7170f355535a89b98c415,2a81175d6de0592d1196d4500ab8394cfe8b5fb02495c5750ddbc7f4a4bdfc0a,True,tb_2n_3c_none
2k|3h,2k,3h,,1463,1463,66.0,79,829,3.950193,False,True,144,True,608,36,40.6389,68.934,,E_OK,fe7e2e2260730c71f4dcf0cd33d7bc9a692d0b751512b398751ca09a90b7415f,82c205749698bb94f29c4ecb5f85d138c13a742bdbb9012a3cdd11297aeb1009,True,tb_2k_3h_none
2h|3a,2h,3a,,1474,1474,190.0,23,4094,1.150056,False,True,72,True,1024,36,40.9444,12.656,,E_OK,5ec74b98bde0f58619f6b781c6653f528f58c8f335f3b510d0aea35e54f6fd5b,62ed4d0c474da9a2ef3d46ed77efe753cb66a3197c65f1d4f5f1b56c59a94bc2,True,tb_2h_3a_none
2k|3i,2k,3i,,1475,1475,66.0,79,829,3.950193,False,True,148,True,608,36,40.9722,90.981,,E_OK,fe7e2e2260730c71f4dcf0cd33d7bc9a692d0b751512b398751ca09a90b7415f,7e1e5b3799f1ec7b4fe7fe31fd9b96f543a05c3182695a27f384147f0105a6cc,True,tb_2k_3i_none
2n|3g,2n,3g,,1478,1478,105.0,25,7054,1.250061,False,True,77,True,1024,36,41.0556,31.329,,E_OK,234dbf241de2d59b9e29b8c3519b1555566ecba945d7170f355535a89b98c415,092adbe9d6b05e65380d5587d096ab854ad993e1f2871e6acd4024b4435e7f64,True,tb_2n_3g_none
2h|3c,2h,3c,,1549,1549,190.0,23,4094,1.150056,False,True,67,True,1024,36,43.0278,14.378,,E_OK,5ec74b98bde0f58619f6b781c6653f528f58c8f335f3b510d0aea35e54f6fd5b,41c1ee564cd4a2e0fda5e441c6ae00288f0389eec9b90ba0276e0d6007475517,True,tb_2h_3c_none
2h|3g,2h,3g,,1551,1551,190.0,23,4094,1.150056,False,True,70,True,1024,36,43.0833,9.84,,E_OK,5ec74b98bde0f58619f6b781c6653f528f58c8f335f3b510d0aea35e54f6fd5b,5a46c04b358763c703d2d3ad6e762d93355080c8f40d6c8a70630810ff48c876,True,tb_2h_3g_none
2h|3h,2h,3h,,1557,1557,190.0,23,4094,1.150056,False,True,72,True,1024,36,43.25,162.578,,E_OK,5ec74b98bde0f58619f6b781c6653f528f58c8f335f3b510d0aea35e54f6fd5b,f770df1331cdd106cb7753a48bcfc97206c88aa80f8c1a0b8e02f6e693b8effb,True,tb_2h_3h_none
2n|3d,2n,3d,,1684,1684,105.0,25,7054,1.250061,False,True,77,True,1024,36,46.7778,40.482,,E_OK,234dbf241de2d59b9e29b8c3519b1555566ecba945d7170f355535a89b98c415,f4bcde585e6a1e5eb91d69072f0e43a22d35d128d1c3868e02942d344a90547e,True,tb_2n_3d_none
2n|3j,2n,3j,,1803,1803,105.0,25,7054,1.250061,False,True,77,True,1024,36,50.0833,36.143,,E_OK,234dbf241de2d59b9e29b8c3519b1555566ecba945d7170f355535a89b98c415,2273e14e799e2266d264085ada52886d3ae018b95de77b93384458d852eb8331,True,tb_2n_3j_none
2n|3b,2n,3b,,1920,1920,105.0,25,7054,1.250061,False,True,77,True,1024,36,53.3333,30.551,,E_OK,234dbf241de2d59b9e29b8c3519b1555566ecba945d7170f355535a89b98c415,3d9d227ee88c2e3c0365c35231ecd137c1fbc792f45f28a20c6f773b8e6ba786,True,tb_2n_3b_none
2n|3e,2n,3e,,2074,2074,105.0,25,7054,1.250061,False,True,77,True,1024,36,57.6111,108.371,,E_OK,234dbf241de2d59b9e29b8c3519b1555566ecba945d7170f355535a89b98c415,351b814130db032503f2bcecb3fed5bbf069b7ba22cb143e16259862b3f13546,True,tb_2n_3e_none
2n|3i,2n,3i,,2317,2317,105.0,25,7054,1.250061,False,True,77,True,1024,36,64.3611,180.73,,E_OK,234dbf241de2d59b9e29b8c3519b1555566ecba945d7170f355535a89b98c415,bdd77eaa5320d85f3ecb51e2eeb0b2d82bf054d8eb052fa18cf062ed25b7b02f,True,tb_2n_3i_none
2i|3j,2i,3j,,2541,2541,209.0,23,8168,1.150056,False,True,56,True,1024,36,70.5833,33.121,,E_OK,3e4202580d121f4e8df50db1f0063ae48d2c0c477a604e11fdc6b84dd09871b4,05ca3783f058e289dc2ae44d203fbac509c150991e00e60cd6040a74d86e2b64,True,tb_2i_3j_none
2i|3d,2i,3d,,2547,2547,209.0,23,8168,1.150056,False,True,56,True,1024,36,70.75,29.695,,E_OK,3e4202580d121f4e8df50db1f0063ae48d2c0c477a604e11fdc6b84dd09871b4,5c759cc6c984cd6a2e376ac9b10d4efe8cfcd14786e50cd533d4ace2f42cf79b,True,tb_2i_3d_none
2n|3h,2n,3h,,2618,2618,105.0,25,7054,1.250061,False,True,77,True,1024,36,72.7222,176.309,,E_OK,234dbf241de2d59b9e29b8c3519b1555566ecba945d7170f355535a89b98c415,faf9ef530cda0aa89d8fe181f5a5fcd4472c67b3d7aa7522f5cc605b3f82671f,True,tb_2n_3h_none
2i|3b,2i,3b,,2888,2888,209.0,23,8168,1.150056,False,True,56,True,1024,36,80.2222,29.924,,E_OK,3e4202580d121f4e8df50db1f0063ae48d2c0c477a604e11fdc6b84dd09871b4,ec15d6f53fd94f17f881aa0f8b02d1408c04681be8b82e1887d6e49dbd6b70a6,True,tb_2i_3b_none
2i|3e,2i,3e,,3007,3007,209.0,23,8168,1.150056,False,True,56,True,1024,36,83.5278,140.564,,E_OK,3e4202580d121f4e8df50db1f0063ae48d2c0c477a604e11fdc6b84dd09871b4,6781d257d57e16343049279e60682b761d778019118574034c911414df10afb9,True,tb_2i_3e_none
2i|3i,2i,3i,,3388,3388,209.0,23,8168,1.150056,False,True,56,True,1024,36,94.1111,152.837,,E_OK,3e4202580d121f4e8df50db1f0063ae48d2c0c477a604e11fdc6b84dd09871b4,ab45d9f02f463217942429eb03bdf2eefd11d4a8b50464ad90299874eba5ac4e,True,tb_2i_3i_none
2i|3h,2i,3h,,3417,3417,209.0,23,8168,1.150056,False,True,56,True,1024,36,94.9167,174.538,,E_OK,3e4202580d121f4e8df50db1f0063ae48d2c0c477a604e11fdc6b84dd09871b4,03b4430a711dfca448e852f8bf52f8a6a6d5298e7b49d98fafa367ab624ed240,True,tb_2i_3h_none
2i|3f,2i,3f,,3821,3821,209.0,23,8168,1.150056,False,True,56,True,1024,36,106.1389,53.218,,E_OK,3e4202580d121f4e8df50db1f0063ae48d2c0c477a604e11fdc6b84dd09871b4,c60c9428ae1e8212d725c9bca3dca30820f9245946153605cffa2a7f7607c922,True,tb_2i_3f_none
2i|3a,2i,3a,,3897,3897,209.0,23,8168,1.150056,False,True,56,True,1024,36,108.25,20.423,,E_OK,3e4202580d121f4e8df50db1f0063ae48d2c0c477a604e11fdc6b84dd09871b4,ce57c5df10fc2a9bb9d993833b2d6ce07dfe880adb87d97cb08f13700dcc81d7,True,tb_2i_3a_none
2i|3g,2i,3g,,3903,3903,209.0,23,8168,1.150056,False,True,56,True,1024,36,108.4167,18.063,,E_OK,3e4202580d121f4e8df50db1f0063ae48d2c0c477a604e11fdc6b84dd09871b4,61e6f377eb3b796af2f28a44b485006bfb70ea07f65be09bea6c6fac22dda7bf,True,tb_2i_3g_none
2i|3c,2i,3c,,4124,4124,209.0,23,8168,1.150056,False,True,57,True,1024,36,114.5556,23.746,,E_OK,3e4202580d121f4e8df50db1f0063ae48d2c0c477a604e11fdc6b84dd09871b4,51a1b8cfbb89aed5b0df76977a7cff716372be37534ecd6b1087b71381319015,True,tb_2i_3c_none
2f|3a,2f,3a,,33215,33215,137.0,636,2984,31.801553,False,True,896,False,1024,36,922.6389,10.036,IMEM overflow: 896/512,E_IMEM_OF,2b174d31ea206918bf869188b24b1b46e7d2f1b7b24fcac75b257c400f7edc98,35fa003e08ad596f821800e5a01f7311e4d5a4dfd5d5df5f4635bd0b2e6bb52b,True,tb_2f_3a_none
2f|3c,2f,3c,,34085,34085,137.0,636,2984,31.801553,False,True,896,False,1024,36,946.8056,13.353,IMEM overflow: 896/512,E_IMEM_OF,2b174d31ea206918bf869188b24b1b46e7d2f1b7b24fcac75b257c400f7edc98,35fa003e08ad596f821800e5a01f7311e4d5a4dfd5d5df5f4635bd0b2e6bb52b,False,
2f|3g,2f,3g,,34115,34115,137.0,636,2984,31.801553,False,True,896,False,1024,36,947.6389,9.899,IMEM overflow: 896/512,E_IMEM_OF,2b174d31ea206918bf869188b24b1b46e7d2f1b7b24fcac75b257c400f7edc98,35fa003e08ad596f821800e5a01f7311e4d5a4dfd5d5df5f4635bd0b2e6bb52b,False,
2f|3f,2f,3f,,34264,34264,137.0,636,2984,31.801553,False,True,896,False,1024,36,951.7778,13.633,IMEM overflow: 896/512,E_IMEM_OF,2b174d31ea206918bf869188b24b1b46e7d2f1b7b24fcac75b257c400f7edc98,35fa003e08ad596f821800e5a01f7311e4d5a4dfd5d5df5f4635bd0b2e6bb52b,False,
2f|3j,2f,3j,,36253,36253,137.0,636,2984,31.801553,False,True,896,False,1024,36,1007.0278,14.823,IMEM overflow: 896/512,E_IMEM_OF,2b174d31ea206918bf869188b24b1b46e7d2f1b7b24fcac75b257c400f7edc98,35fa003e08ad596f821800e5a01f7311e4d5a4dfd5d5df5f4635bd0b2e6bb52b,False,
2f|3d,2f,3d,,36310,36310,137.0,636,2984,31.801553,False,True,896,False,1024,36,1008.6111,15.639,IMEM overflow: 896/512,E_IMEM_OF,2b174d31ea206918bf869188b24b1b46e7d2f1b7b24fcac75b257c400f7edc98,35fa003e08ad596f821800e5a01f7311e4d5a4dfd5d5df5f4635bd0b2e6bb52b,False,
2f|3b,2f,3b,,39378,39378,137.0,636,2984,31.801553,False,True,896,False,1024,36,1093.8333,13.492,IMEM overflow: 896/512,E_IMEM_OF,2b174d31ea206918bf869188b24b1b46e7d2f1b7b24fcac75b257c400f7edc98,35fa003e08ad596f821800e5a01f7311e4d5a4dfd5d5df5f4635bd0b2e6bb52b,False,
2f|3e,2f,3e,,39480,39480,137.0,636,2984,31.801553,False,True,896,False,1024,36,1096.6667,32.591,IMEM overflow: 896/512,E_IMEM_OF,2b174d31ea206918bf869188b24b1b46e7d2f1b7b24fcac75b257c400f7edc98,35fa003e08ad596f821800e5a01f7311e4d5a4dfd5d5df5f4635bd0b2e6bb52b,False,
2f|3i,2f,3i,,40650,40650,137.0,636,2984,31.801553,False,True,896,False,1024,36,1129.1667,106.299,IMEM overflow: 896/512,E_IMEM_OF,2b174d31ea206918bf869188b24b1b46e7d2f1b7b24fcac75b257c400f7edc98,35fa003e08ad596f821800e5a01f7311e4d5a4dfd5d5df5f4635bd0b2e6bb52b,False,
2f|3h,2f,3h,,43137,43137,137.0,636,2984,31.801553,False,True,896,False,1024,36,1198.25,158.54,IMEM overflow: 896/512,E_IMEM_OF,2b174d31ea206918bf869188b24b1b46e7d2f1b7b24fcac75b257c400f7edc98,35fa003e08ad596f821800e5a01f7311e4d5a4dfd5d5df5f4635bd0b2e6bb52b,False,
2e|3a,2e,3a,,-1,-1,-1,-1,-1,-1,False,False,-1,False,0,36,-1,0.323,ExactBB size gate: N=8191 ng=1024 (search space exceeds time budget),E_BYPASSED,,,,
2e|3b,2e,3b,,-1,-1,-1,-1,-1,-1,False,False,-1,False,0,36,-1,0.322,ExactBB size gate: N=8191 ng=1024 (search space exceeds time budget),E_BYPASSED,,,,
2e|3c,2e,3c,,-1,-1,-1,-1,-1,-1,False,False,-1,False,0,36,-1,0.321,ExactBB size gate: N=8191 ng=1024 (search space exceeds time budget),E_BYPASSED,,,,
2e|3d,2e,3d,,-1,-1,-1,-1,-1,-1,False,False,-1,False,0,36,-1,0.322,ExactBB size gate: N=8191 ng=1024 (search space exceeds time budget),E_BYPASSED,,,,
2e|3e,2e,3e,,-1,-1,-1,-1,-1,-1,False,False,-1,False,0,36,-1,0.377,ExactBB size gate: N=8191 ng=1024 (search space exceeds time budget),E_BYPASSED,,,,
2e|3f,2e,3f,,-1,-1,-1,-1,-1,-1,False,False,-1,False,0,36,-1,0.319,ExactBB size gate: N=8191 ng=1024 (search space exceeds time budget),E_BYPASSED,,,,
2e|3g,2e,3g,,-1,-1,-1,-1,-1,-1,False,False,-1,False,0,36,-1,0.311,ExactBB size gate: N=8191 ng=1024 (search space exceeds time budget),E_BYPASSED,,,,
2e|3h,2e,3h,,-1,-1,-1,-1,-1,-1,False,False,-1,False,0,36,-1,0.318,ExactBB size gate: N=8191 ng=1024 (search space exceeds time budget),E_BYPASSED,,,,
2e|3i,2e,3i,,-1,-1,-1,-1,-1,-1,False,False,-1,False,0,36,-1,0.326,ExactBB size gate: N=8191 ng=1024 (search space exceeds time budget),E_BYPASSED,,,,
2e|3j,2e,3j,,-1,-1,-1,-1,-1,-1,False,False,-1,False,0,36,-1,0.322,ExactBB size gate: N=8191 ng=1024 (search space exceeds time budget),E_BYPASSED,,,,
