Instance,Pipeline,TB_Name,Pass,Cycles,SimTime_s,ErrorCode,Error
maxp_mod_fat,2a|3d,tb_2a_3d_none,False,-1,42298.04,SIM_WALLCLOCK_TIMEOUT_BYPASS,">28800s; | Router 0 RX Port 15: pkt=39001c0412be4a1e4dd2f1a (tgt=912, src=448)
[NOCTRC] 615000 | Router 14 TX Port 1: pkt=39001c0412be4a1e4dd2f1a (tgt=912, src=448)
[NOCTRC] 625000 | Router 0 RX Port 15: pkt=39200c041531e880d3f7cee (tgt=914, src=192)
[NOCTRC] 625000 | Router 14 TX Port 1: pkt=39200c041531e880d3f7cee (tgt=914, src=192)
[NOCTRC] 635000 | Router 0 RX Port 16: pkt=3d001c0412dd8a1410624dd (tgt=976, src=448)
[NOCTRC] 635000 | Router 15 TX Port 1: pkt=3d001c0412dd8a1410624dd (tgt=976, src=448)
"
maxp_mod_fat,2a|3e,tb_2a_3e_none,False,-1,42383.23,SIM_WALLCLOCK_TIMEOUT_BYPASS,">28800s; | Router 0 RX Port 15: pkt=39001c0412be4a1e4dd2f1a (tgt=912, src=448)
[NOCTRC] 615000 | Router 14 TX Port 1: pkt=39001c0412be4a1e4dd2f1a (tgt=912, src=448)
[NOCTRC] 625000 | Router 0 RX Port 15: pkt=39200c041531e880d3f7cee (tgt=914, src=192)
[NOCTRC] 625000 | Router 14 TX Port 1: pkt=39200c041531e880d3f7cee (tgt=914, src=192)
[NOCTRC] 635000 | Router 0 RX Port 16: pkt=3d001c0412dd8a1410624dd (tgt=976, src=448)
[NOCTRC] 635000 | Router 15 TX Port 1: pkt=3d001c0412dd8a1410624dd (tgt=976, src=448)
"
maxp_mod_fat,2b|3e,tb_2b_3e_none,False,-1,42385.85,SIM_WALLCLOCK_TIMEOUT_BYPASS,">28800s; | Router 0 RX Port 15: pkt=3a100c0414c57dc8ac08312 (tgt=929, src=192)
[NOCTRC] 675000 | Router 14 TX Port 1: pkt=3a100c0414c57dc8ac08312 (tgt=929, src=192)
[NOCTRC] 685000 | Router 0 RX Port 15: pkt=3a300c0414c677c85a1cac0 (tgt=931, src=192)
[NOCTRC] 685000 | Router 14 TX Port 1: pkt=3a300c0414c677c85a1cac0 (tgt=931, src=192)
[NOCTRC] 695000 | Router 0 RX Port 16: pkt=3e300c0414e5b7c61cac083 (tgt=995, src=192)
[NOCTRC] 695000 | Router 15 TX Port 1: pkt=3e300c0414e5b7c61cac083 (tgt=995, src=192)
"
maxp_mod_fat,2c|3a,tb_2c_3a_none,False,-1,42394.82,SIM_WALLCLOCK_TIMEOUT_BYPASS,">28800s; er 0 RX Port 15: pkt=8e20100413bd1190b439580 (tgt=2274, src=256)
[NOCTRC] 605000 | Router 14 TX Port 1: pkt=8e20100413bd1190b439580 (tgt=2274, src=256)
[NOCTRC] 615000 | Router 0 RX Port 15: pkt=72400c0413bec70ddf3b646 (tgt=1828, src=192)
[NOCTRC] 615000 | Router 14 TX Port 1: pkt=72400c0413bec70ddf3b646 (tgt=1828, src=192)
[NOCTRC] 625000 | Router 0 RX Port 16: pkt=8f20280412db9604b439581 (tgt=2290, src=640)
[NOCTRC] 625000 | Router 15 TX Port 1: pkt=8f20280412db9604b439581 (tgt=2290, src=640)
"
maxp_mod_fat,2a|3a,tb_2a_3a_none,False,-1,42403.21,SIM_WALLCLOCK_TIMEOUT_BYPASS,">28800s; | Router 0 RX Port 15: pkt=39001c0412be4a1e4dd2f1a (tgt=912, src=448)
[NOCTRC] 615000 | Router 14 TX Port 1: pkt=39001c0412be4a1e4dd2f1a (tgt=912, src=448)
[NOCTRC] 625000 | Router 0 RX Port 15: pkt=39200c041531e880d3f7cee (tgt=914, src=192)
[NOCTRC] 625000 | Router 14 TX Port 1: pkt=39200c041531e880d3f7cee (tgt=914, src=192)
[NOCTRC] 635000 | Router 0 RX Port 16: pkt=3d001c0412dd8a1410624dd (tgt=976, src=448)
[NOCTRC] 635000 | Router 15 TX Port 1: pkt=3d001c0412dd8a1410624dd (tgt=976, src=448)
"
